<?xml version="1.0" encoding="UTF-8"?>
<!DOCTYPE mapper PUBLIC "-//mybatis.org//DTD Mapper 3.0//EN" "http://mybatis.org/dtd/mybatis-3-mapper.dtd">
<mapper namespace="com.jyt.terminal.dao.EmailSettingMapper">
    <!-- 通用查询映射结果 -->
    <resultMap id="BaseResultMap" type="com.jyt.terminal.model.EmailSetting">
        <id column="id" property="id" />   
        <result column="host" property="host" />
        <result column="email" property="email" />
        <result column="password" property="password" />
        <result column="create_user" property="createUser" />
        <result column="create_time" property="createTime" />
        <result column="update_user" property="updateUser" />
        <result column="update_time" property="updateTime" />
    </resultMap>

     <!-- 通用查询结果列 -->
    <sql id="Base_Column_List">
        id,host,email, password, create_user, create_time, update_user,update_time
    </sql>
    
    <select id="getEmailSettingList" resultType="map">
        select t1.* from t_email_setting t1 
        where 1 = 1
        <!-- <if test="entity.email != null and entity.email != ''">
            and t1.e_mail = #{entity.email}
        </if>
        <if test="entity.beginTime != null and entity.beginTime !='' and entity.endTime != null and entity.endTime != ''">
			and (t1.create_time between CONCAT(#{entity.beginTime},' 00:00:00') and CONCAT(#{entity.endTime},' 23:59:59'))
		</if> -->
        order by t1.create_time desc
    </select>
    
</mapper>