<?xml version="1.0" encoding="UTF-8"?>
<!DOCTYPE mapper PUBLIC "-//mybatis.org//DTD Mapper 3.0//EN" "http://mybatis.org/dtd/mybatis-3-mapper.dtd">
<mapper namespace="com.jyt.terminal.dao.EmailTemplateMapper">

	  <!-- 通用查询映射结果 -->
    <resultMap id="BaseResultMap" type="com.jyt.terminal.model.EmailTemplate">
        <id column="id" property="id" />   
        <result column="code" property="code" />
        <result column="name" property="name" />
        <result column="template" property="template" />
        <result column="create_user" property="createUser" />
        <result column="create_time" property="createTime" />
        <result column="update_user" property="updateUser" />
        <result column="update_time" property="updateTime" />
    </resultMap>
    
     <!-- 通用查询结果列 -->
    <sql id="Base_Column_List">
        id,code, name,template,create_user,create_time,update_user,update_time
    </sql>
	
     <select id="getEmailTemplateList" resultType="map">
		select * from t_email_template where 1=1
		<if test="entity.name != null and entity.name != ''">
			and name like CONCAT('%',#{entity.name},'%')
		</if>
	</select>
	
</mapper>
