<?xml version="1.0" encoding="UTF-8"?>
<!DOCTYPE mapper PUBLIC "-//mybatis.org//DTD Mapper 3.0//EN" "http://mybatis.org/dtd/mybatis-3-mapper.dtd">
<mapper namespace="com.jyt.terminal.dao.SmsSendMapper">

	  <!-- 通用查询映射结果 -->
    <resultMap id="BaseResultMap" type="com.jyt.terminal.model.SmsSend">
        <id column="SMS_ID" property="smsId" />
        <result column="MERCHANT_ID" property="merchantId" />
        <result column="ORDER_NO" property="orderNo" />
        <result column="SMS_AUTH_ID" property="smsAuthId" />
        <result column="MOBILE" property="mobile" />
        <result column="CHANNEL_NO" property="channelNo" />
        <result column="SMS_CONTENT" property="smsContent" />
        <result column="SEND_TIME" property="sendTime" />
        <result column="CONFIRM_TIME" property="confirmTime" />
        <result column="TRADE_STATUS" property="tradeStatus" />
        <result column="RET_CODE" property="retCode" />
        <result column="RET_INFO" property="retInfo" />
        <result column="CH_MERCHANT_ID" property="chMerchantId" />
        <result column="CH_TRADE_NO" property="chTradeNo" />
        <result column="CH_STATE" property="chState" />
        <result column="CH_RET_CODE" property="chRetCode" />
        <result column="CH_RET_INFO" property="chRetInfo" />
        <result column="CH_SEND_SN" property="chSendSn" />
    </resultMap>

    <!-- 通用查询结果列 -->
    <sql id="Base_Column_List">
        SMS_ID,MERCHANT_ID,ORDER_NO, SMS_AUTH_ID,MOBILE, CHANNEL_NO, SMS_CONTENT, SEND_TIME,CONFIRM_TIME, TRADE_STATUS,
        RET_CODE,RET_INFO,CH_MERCHANT_ID,CH_TRADE_NO, CH_STATE,CH_RET_CODE,CH_RET_INFO,CH_SEND_SN
    </sql>
    
     <!-- 获取短信查询列表 -->
	<select id="getSMSList" resultType="map">
		select * from T_SMS_SEND where 1=1
		<if test="sms.tradeStatus != null and sms.tradeStatus != ''">
			and TRADE_STATUS like CONCAT('%',#{sms.tradeStatu},'%')
		</if>
		<if test="sms.mobile != null and sms.mobile != ''">
			and MOBILE like CONCAT('%',#{sms.mobile},'%') 
		</if>
		<if test="sms.beginTime != null and sms.beginTime !='' and sms.endTime != null and sms.endTime != ''">
			and (SEND_TIME between CONCAT(#{sms.beginTime},' 00:00:00') and CONCAT(#{sms.endTime},' 23:59:59'))
		</if>
		order by SEND_TIME desc
	</select>
	
	<select id="getTermListCount" resultType="int">
		select count(*) from T_SMS_SEND where 1=1
		<if test="sms.tradeStatus != null and sms.tradeStatus != ''">
			and TRADE_STATUS like CONCAT('%',#{sms.tradeStatu},'%')
		</if>
		<if test="sms.mobile != null and sms.mobile != ''">
			and MOBILE like CONCAT('%',#{sms.mobile},'%') 
		</if>
		<if test="sms.beginTime != null and sms.beginTime !='' and sms.endTime != null and sms.endTime != ''">
			and (SEND_TIME between CONCAT(#{sms.beginTime},' 00:00:00') and CONCAT(#{sms.endTime},' 23:59:59'))
		</if>
		
	</select>
	<update id="setStatus">
		update T_SMS_SEND set TRADE_STATUS = #{entity.tradeStatus},CH_TRADE_NO = #{entity.chTradeNo},CH_RET_CODE=#{entity.retCode} 
		where ORDER_NO = #{entity.orderNo}
	</update>

 	<select id="getByOrderNo" resultMap="BaseResultMap">
		select
		<include refid="Base_Column_List" />
		from T_SMS_SEND where ORDER_NO = #{orderNo}
	</select>
	
</mapper>
