<?xml version="1.0" encoding="UTF-8"?>
<!DOCTYPE mapper PUBLIC "-//mybatis.org//DTD Mapper 3.0//EN" "http://mybatis.org/dtd/mybatis-3-mapper.dtd">
<mapper namespace="com.jyt.terminal.dao.CashBoxMapper">

	<!-- 通用查询映射结果 -->
    <resultMap id="BaseResultMap" type="com.jyt.terminal.model.CashBox">
        <id column="id" property="id" />   
        <result column="terminal_no" property="terminalNo" />
        <result column="status" property="status" />
        <result column="create_time" property="createTime" />
    </resultMap>
    
    <!-- 分页查询信息 -->
    <select id="getCashBoxList" resultType="map">
        select t1.* from t_cash_box t1 
        where 1 = 1
        <if test="entity.terminalNo != null and entity.terminalNo != ''">
            and t1.terminal_no = #{entity.terminalNo}
        </if>
        <if test="entity.status != null and entity.status != '' or entity.status == 0">
            and t1.status = #{entity.status}
        </if>
        <if test="entity.beginTime != null and entity.beginTime != ''">
            and t1.create_time <![CDATA[ >= ]]> CONCAT(#{entity.beginTime},' 00:00:00')
        </if>
        <if test="entity.endTime != null and entity.endTime != ''">
            and t1.create_time <![CDATA[ <= ]]> CONCAT(#{entity.endTime},' 23:59:59')
        </if>
        order by t1.create_time desc
    </select>
	
</mapper>
