<?xml version="1.0" encoding="UTF-8"?>
<!DOCTYPE mapper PUBLIC "-//mybatis.org//DTD Mapper 3.0//EN" "http://mybatis.org/dtd/mybatis-3-mapper.dtd">
<mapper namespace="com.jyt.terminal.dao.DeviceMapper">

	  <!-- 通用查询映射结果 -->
    <resultMap id="BaseResultMap" type="com.jyt.terminal.model.Device">
        <id column="id" property="id" />   
        <result column="terminal_no" property="terminalNo" />
        <result column="device_name" property="deviceName" />
        <result column="status" property="status" />
        <result column="desc" property="desc" />
        <result column="upload_time" property="uploadTime" />
    </resultMap>
    
     <!-- 通用查询结果列 -->
    <sql id="Base_Column_List">
        id,terminal_no, device_name,status, desc,upload_time
    </sql>
    
    <select id="getDeviceListCount" resultType="int">
		select count(*) from t_device where 1=1
		<if test="entity.terminalNo != null and entity.terminalNo != ''">
			and terminal_no = #{entity.terminalNo}
		</if>
		<if test="entity.deviceName != null and entity.deviceName != ''">
			and device_name = #{entity.deviceName}
		</if>
		<if test="entity.status != null and entity.status != ''">
			and status = #{entity.status}
		</if>
		<if test="entity.beginTime != null and entity.beginTime !='' and entity.endTime != null and entity.endTime != ''">
			and (upload_time between CONCAT(#{entity.beginTime},' 00:00:00') and CONCAT(#{entity.endTime},' 23:59:59'))
		</if>
	</select>
	
     <select id="getDeviceList" resultType="map">
		select * from t_device where 1=1
		<if test="entity.terminalNo != null and entity.terminalNo != ''">
			and terminal_no = #{entity.terminalNo}
		</if>
		<if test="entity.deviceName != null and entity.deviceName != ''">
			and device_name = #{entity.deviceName}
		</if>
		<if test="entity.status != null and entity.status != ''">
			and status = #{entity.status}
		</if>
		<if test="entity.beginTime != null and entity.beginTime !='' and entity.endTime != null and entity.endTime != ''">
			and (upload_time between CONCAT(#{entity.beginTime},' 00:00:00') and CONCAT(#{entity.endTime},' 23:59:59'))
		</if>
		order by upload_time desc
	</select>
	
</mapper>
